meta_id	filename	title	author	subject	keywords	rating	difficulty	duration	keysf	keymi
1	12 Days of Christmas - SATB Medley.pdf	12 Days of Christmas	Haven Gillespie, Jeffery T. Porcaro, J. Coots, David Paich, Johnny D. Marks	Choir	""					
7	aguado-op03n01-let.pdf	8 Petites Pièces Op. 3 No. 1	D. Aguado	Guitar	""					
2	A Boy Was Born - Britten.pdf	A Boy Was Born	Benjamin Britten	Choir	""					
3	A Jubilant Song.pdf	A Jubilant Song	Norman Dello Joio	Choir	""					
4	A Million Dreams SATB.pdf	A Million Dreams	Benj Pasek, Justin Paul	Choir	""					
5	Abendlied.pdf	Abendlied	Josef Rheinberger	Choir	""					
6	Adeh Gives His Beloved Certain Rhymes.pdf	Adeh Gives His Beloved Certain Rhymes	David Michael Layne	Choir	""					
8	Ain_t No Mountain High Enough.pdf	Ain’t No Mountain High Enough	Nickolas Ashford, Valerie Simpson	Choir	""					
9	All You Need Is Love SATB.pdf	All You Need Is Love	John Lennon, Paul McCartney	Choir	""					
10	Alleluia - Hagenberg.pdf	Alleluia	Elaine Hagenberg	Choir	""					
11	Alleluia - Sixten.pdf	Alleluia	Fredrik Sixten	Choir	""					
12	Alleluia - Whitacre.pdf	Alleluia	Eric Whitacre	Choir	""					
13	Anvil Chorus - Verdi.pdf	Anvil Chorus	Giuseppe Verdi	Choir	""					
15	Ashitaka and San - Hisaishi SATB.pdf	Ashitaka and San	Joe Hisaishi	Choir	""					
16	Asturias.pdf	Asturias (Leyenda)	Isaac Albéniz	Guitar	""					
17	At The River.pdf	At The River	Aaron Copland	Voice	""					
19	Ave Maria.pdf	Ave Maria	Daniel Elder	Choir	""					
18	Ave Maria, Gratia Plena.pdf	Ave Maria, Gratia Plena	Josu Elberdin	Choir	""					
20	ave maris stella.pdf	Ave Maris Stella	Edvard Grieg	Choir	""					
21	Awaken the Christ-Child.pdf	Awaken the Christ-Child	William V. Malpede	Choir	""					
22	Barcarolle - Offenbach.pdf	Barcarolle	Jacques Offenbach	Choir	""					
23	Bashana Habaah.pdf	Bashana Haba’ah	Ehud Manor, Nurit Hirsch	Choir	""					
24	Be_Still_My_Soul-Finlandia.pdf	Be Still My Soul	Jean Sibelius	Choir	hymn					
29	Believe.pdf	Believe	Alan Silvestri, Glen Ballard	Choir	""					
30	Blackbird - SATB.pdf	Blackbird	John Lennon, Paul McCartney, Daryl Runswick arr.	Choir	""					
32	Bogoroditse Devo.pdf	Bogoroditse Devo	Sergei Rachmaninoff	Choir	""					
31	Bogoroditse Devo (Ave Maria) - Arvo Part.pdf	Bogoróditse Djevó	Arvo Pärt	Choir	""					
33	Bohemian Rhapsody  SATB .pdf	Bohemian Rhapsody	Freddie Mercury	Choir	""					
34	Bridge Over Troubled Waters arr Shaw.pdf	Bridge Over Troubled Water	Paul Simon	Choir	""					
35	Brightest And Best.pdf	Brightest And Best	Shawn Kirchner arr.	Choir	""					
36	Bésame Mucho - Shaw.pdf	Bésame Mucho	Consuelo Velazquez	Choir	""					
37	Caedmon's Hymn.pdf	Caedmon's Hymn	Blake Wilson	Choir	""					
38	Can You Feel the Love Tonight.pdf	Can You Feel the Love Tonight	Elton John, Tim Rice, Mac Huff arr.	Choir	""					
66	Dona Nobis Pacem.pdf	Cantata - Dona Nobis Pacem	Ralph Vaughan Williams	Choir	""					
39	Cantate Domino (Adiemus).pdf	Cantate Domino (Adeimus)	Karl Jenkins	Choir	""					
40	Cantique de Jean Racine.pdf	Cantique de Jean Racine	Gabriel Fauré	Choir	""					
41	Canzonetta.pdf	Canzonetta, Op. 41, No. 3	Ernst von Dohnanyi	Piano	""					
42	Caritas et amor - Stroope.pdf	Caritas et Amor	Z. Randall Stroope	Choir	""					
43	Caritas et Amor.pdf	Caritas et Amor	Z. Randall Stroope	Choir	""					
44	Carmina Burana.pdf	Carmina Burana	Carl Orff	Choir, Piano	""					
45	Carol of the Bells.pdf	Carol of the Bells	Peter J. Wilhousky, Mykola Leontovich	Choir	""					
46	Chichester Psalms.pdf	Chichester Psalms	Leonard Bernstein	Choir	""					
47	Ching-a-ring Chaw.pdf	Ching-a-ring Chaw	Aaron Copland	Voice	""					
51	City Called Heaven - Poelinitz SATB.pdf	City Called Heaven	Josephine Poelinitz arr.	Choir	""					
52	Clair De Lune.pdf	Clair De Lune from Suite Bergamasque	Claude Debussy	Piano	""					
61	debussy_Ste_Bergamesq_Clair-let.pdf	Clair de Lune, from Suite Bergamasque	Claude Debussy	Piano	""					
139	Method-Vol1-2017.pages.pdf	Classical Guitar Method	Bradford Werner	Guitar	""					
55	Come fly with me SATB.pdf	Come Fly With Me	Sammy Cahn, James van Heusen, Kirby Shaw arr.	Choir	""					
54	Come fly with me SATB arr Shaw.pdf	Come Fly with Me	Sammy Cahn, James van Heusen	Choir	""					
53	Come and dance.pdf	Come and dance	Toby Young	Choir	""					
56	Confutatis - Requiem - Mozart.pdf	Confutatis (Mozart Requiem)	Wolfgang Amadeus Mozart	Choir	Peters					
212	Va Pensiero - Verdi-Nabucco SATB.pdf	Coro di Schiavi Ebrei - Va Pensiero - Nabucco	Giuseppe Verdi	Choir	""					
57	Cum Sancto Spiritu.pdf	Cum Sancto Spiritu	Hyo-Won Woo	Choir	""					
58	Dance of the Sugar-Plum Fairy.pdf	Dance of the Sugar-Plum Fairy	Pyotr Ilyich Tchaikovsky	Choir	""					
59	Danny Boy - Flummerfelt SATB.pdf	Danny Boy	Joseph Flummerfelt arr.	Choir	""					
63	Deep River SATB.pdf	Deep River	Russel Robinson arr.	Choir	""					
62	Deep River arr Wilberg.pdf	Deep river	Mack Wilberg arr.	Choir	""					
64	Deep river.pdf	Deep river	Mack Wilberg arr.	Choir	""					
65	Domine Deus.pdf	Domine Deus	David Caldarella	Choir	""					
67	Down Among The Dead Men.pdf	Down Among The Dead Men	Ralph Vaughan Williams arr.	Choir	""					
68	Duruflé Requiem.pdf	Duruflé Requiem Op. 9	Maruice Duruflé	Choir, Organ	""					
69	Earth Song.pdf	Earth Song	Frank Ticheli	Choir	""					
70	Ecce Novum.pdf	Ecce Novum	Ola Gjeilo	Choir	""					
72	elgar-enigma-variations.pdf	Enigma Variations Op. 36	Edward Elgar	Orchestra	""					
73	Esta Tierra - Javier Busto.pdf	Esta Tierra	Javier Busto	Choir	""					
74	Esto Les Digo.pdf	Esto Les Digo	Kinley Lang	Choir	""					
75	ESTRELA É LUA NOVA.pdf	Estrela É Lua Nova	Heitor Villa-Lobos arr.	Choir	""					
76	Even when He is silent.pdf	Even when He is silent	Kim André Arnesen	Choir	""					
77	Every Time I Feel the Spirit.pdf	Every Time I Feel the Spirit	Stacey V. Gibbs	Choir	""					
78	Excursion Around the Bay.pdf	Excursion Around the Bay	Johnny Burke	Choir	""					
79	Fare Thee Well Love.pdf	Fare Thee Well, Love	James Rankin	Choir	""					
80	Fare Thee Well, Love.pdf	Fare Thee Well, Love	James Rankin	Choir	""					
82	Finlandia.pdf	Finlandia Op. 25	Jean Sibelius	Choir	""					
81	Finlandia Op. 26.pdf	Finlandia Op. 26	Jean Sibelius	Choir	""					
84	Flight Song.pdf	Flight Song	Kim André Arnesen	Choir	""					
85	Flying Solo.pdf	Flying Solo	Philip E. Silvey	Choir	""					
86	For the Fruit of All Creation.pdf	For the Fruit of All Creation	Jonathan Rodgers arr.	Choir	""					
87	Fourteen Bagatelles Op. 6.pdf	Fourteen Bagatelles Op. 6	Béla Bartók	Piano	""					
88	From Earth to Heaven.pdf	From Earth to Heaven	Craig Courtney	Choir	""					
89	Glow.pdf	Glow	Eric Whitacre	Choir	""					
90	Go Tell It On The Mountain.pdf	Go Tell It On The Mountain	Paul Sjolund	Choir	""					
91	Goin Home SATB.pdf	Goin' Home	Antonín Dvořák	Choir	""					
92	Grace Before Sleep.pdf	Grace Before Sleep	Susan LaBarr	Choir	""					
93	Great God Almighty.pdf	Great God Almighty	Stacey V. Gibbs	Choir	""					
95	Hallelujah Chorus - Handel.pdf	Hallelujah Chorus	George Friederich Händel	Choir	""					
97	Hava Nageela - Goldman SATB.pdf	Hava Nageela	Maurice Goldman arr.	Choir	""					
98	Heal the World - Beck SATB.pdf	Heal The World	Michael Jackson, Andy Beck arr.	Choir	""					
99	Here Comes Santa Claus.pdf	Here Comes Santa Claus	Gene Autry, Oakley Haldeman	Choir	""					
100	Himig Pasko.pdf	Himig Pasko	George Hernandez arr.	Choir	""					
101	Homeward Bound.pdf	Homeward Bound	Marta Keen	Choir	""					
102	Hosanna in excelsis.pdf	Hosanna in excelsis	Brent Pierce	Choir	""					
103	How Can I Keep From Singing.pdf	How Can I Keep From Singing	Robert Lowry	Choir	""					
104	Huron Carol.pdf	Huron Carol	Dale Warland arr.	Choir	""					
105	I Bought Me A Cat.pdf	I Bought Me A Cat	Aaron Copland	Voice	""					
106	I carry your heart with me - Reid.pdf	I Carry Your Heart with Me	Jonathan Reid	Choir	""					
107	I Dreamed a Dream SATB.pdf	I Dreamed a Dream	Claude-Michel Schöberğ	Choir	""					
108	I will be with you.pdf	I will be with you	Sarah Quartel	Choir	""					
109	I will light Candles this Christmas.pdf	I will light Candles this Christmas	Kim André Arnesen	Choir	""					
110	I'll Be On My Way.pdf	I'll Be On My Way	Shawn Kirchner	Choir	""					
111	In Paradisum.pdf	In Paradisum	Karl Jenkins	Choir	""					
112	In the Moment.8.REV - Score.pdf	In the Moment	William V. Malpede	Choir	""					
113	In the Moment.pdf	In the Moment	William V. Malpede	Choir	""					
114	In the Silence.pdf	In the Silence	Jacob Narverud	Choir	""					
115	Indodana.pdf	Indodana	Michael Barrett arr., Ralf Schmitt arr.	Choir	""					
163	Op. 118, № 2 – Intermezzo.pdf	Intermezzo, Op. 118, № 2	Johannes Brahms	Piano	""					
116	Jerusalem.pdf	Jerusalem	C. Hubert H. Parry	Choir	""					
117	Jingle Bells.pdf	Jingle Bells	J. Pierpont	Choir	""					
172	Requiem - Kyrie.pdf	Kyrie	Wolfgang Amadeus Mozart	Choir, Orchestra	Requiem,Groth,Jan Groth,2017,exerpt					
118	Lacrimosa - Requiem - Mozart.pdf	Lacrimosa (Mozart Requiem)	Wolfgang Amadeus Mozart	Choir	Peters					
129	Lux Aeterna Lauridsen 1 Introitus.pdf	Lauridsen: Lux Aeterna - 1. Introitus	Morten Lauridsen	Choir	""					
130	Lux Aeterna Lauridsen 2 In Te.pdf	Lauridsen: Lux Aeterna - 2. In Te, Domine, Speravi	Morten Lauridsen	Choir	""					
131	Lux Aeterna Lauridsen 3 O Nata Lux.pdf	Lauridsen: Lux Aeterna - 3. O Nata Lux	Morten Lauridsen	Choir	""					
132	Lux Aeterna Lauridsen 4 Veni.pdf	Lauridsen: Lux Aeterna - 4. Veni, Sancte Spiritus	Morten Lauridsen	Choir	""					
133	Lux Aeterna Lauridsen 5 Agnus Dei.pdf	Lauridsen: Lux Aeterna - 5. Agnus Dei - Lux Aeterna	Morten Lauridsen	Choir	""					
119	Let My Love Be Heard.pdf	Let My Love Be Heard	Jake Runestad, Alfred Noyes	Choir	""					
120	Leyenda.pdf	Leyenda	Isaac Albéniz	Piano	""					
121	Lieder eines farenden Gesellen.pdf	Lieder eines farenden Gesellen	Gustav Mahler	Voice	""					
122	Life's Mirror.pdf	Life’s Mirror	Eleanor Daley	Choir	""					
123	Light The Legend.pdf	Light The Legend	Susan Nurenberg, Michael Isaacson	Choir	""					
124	Lo, How a Rose E_er Blooming SSATB.pdf	Lo, how a rose e’er blooming	J. Edmund Hughes arr.	Choir	""					
125	Loch Lomond - Overton.pdf	Loch Lomond	David Overton arr.	Choir	""					
126	Long Time Ago.pdf	Long Time Ago	Aaron Copland	Voice	""					
127	LORD OF CREATION - SATB Parts.pdf	Lord Of Creation	John C. Winslow, David Michael Layne	Choir	""					
128	LORD OF CREATION full score.pdf	Lord Of Creation	John C. Winslow, David Michael Layne	Choir	""					
134	Lux Aeterna.pdf	Lux Aeterna	Brian A. Schmidt	Choir	""					
135	Make we joy now in this fest - Assersohn.pdf	Make we joy now in this fest	Ian Assersohn	Choir	""					
136	Maria.pdf	Maria	Mårten Jansson, Einar Askestad	Choir	""					
137	Measure Me Sky Hagenberg.pdf	Measure Me, Sky!	Elaine Hagenberg	Choir	""					
138	Measure Me Sky.pdf	Measure Me, Sky!	Jonathan Reid	Choir	""					
96	handel_messiah_schirmer_1912.pdf	Messiah	George Friederich Händel	Choir, Voice	Schirmer,1912					
140	Missa Popularis.pdf	Missa Popularis	Mårten Jansson	Choir	""					
141	Moon River SATB.pdf	Moon River	Johnny Mercer, Henry Mancini	Choir	""					
143	Morning Has Broken - Stopford.pdf	Morning Has Broken	Philip WJ Stopford	Choir	""					
145	Mozart Requiem Bärenreiter 1965.pdf	Mozart Requiem	Wolfgang Amadeus Mozart	Choir, Orchestra, Voice	Requiem,Bärenreiter,1965					
146	Mozart Requiem Bärenreiter 2017.pdf	Mozart Requiem	Wolfgang Amadeus Mozart	Choir, Voice, Piano	Requiem,Bärenreiter,2017					
144	Mozart Requiem Bärenreiter 2017 Preface.pdf	Mozart Requiem Preface	Wolfgang Amadeus Mozart	Choir, Voice, Piano	Requiem,Bärenreiter,2017,preface					
148	Musicological 12 Days of Christmas.pdf	Musicological 12 Days of Christmas	Craig Courtney	Choir	""					
149	Muusika.pdf	Muusika	Pärt Uusberg, Juhan Liiv	Choir	""					
150	My Flight For Heaven.pdf	My Flight For Heaven	Blake R. Henson	Choir	""					
151	Nelly Bly  - Halloran, SATB div.pdf	Nelly Bly	Stephen Foster, Jack Halloran arr.	Choir	""					
71	edward-elgar-enigma-variations-nimrod-for-piano.pdf	Nimrod from The Enigma Variations	Edward Elgar, Jim Paterson arr.	Piano	""					
152	Northern Lights.pdf	Northern Lights	Ola Gjeilo	Choir	""					
153	O Emmanuel.pdf	O Emmanuel	Andrej Makor	Choir	""					
154	O Holy Night - Adam SATB.pdf	O Holy Night	Adolphe Adam	Choir	""					
156	O Sifuni Mungu.pdf	O Sifuni Mungu	David Maddux, Marty McCall, Mmunga Mwenebulongo Mulongoy, Asukulu'yunu Mukalay	Choir	""					
157	O Vos Omnes.pdf	O Vos Omnes	Richard Burchard	Choir	""					
155	O sacrum convivium.pdf	O sacrum convivium	Giorgio Susana	Choir	""					
224	Whistle and I'll come to ye.pdf	O whistle and I'll come to ye	Mack Wilberg arr.	Choir	""					
158	On Christmas Night All Christians Sing.pdf	On Christmas Night All Christians Sing	David Michael Layne arr.	Choir	""					
159	On this Silent Night.pdf	On this Silent Night	Sarah Quartel	Choir	""					
160	One Sweet Little Baby.pdf	One Sweet Little Baby	Wes Kinneson, Glenn McClure	Choir	""					
161	Only In Sleep.pdf	Only In Sleep	Ēriks Ešenvalds	Choir	""					
164	Over the Rainbow SATB - Hayes.pdf	Over the Rainbow	Harold Arlen	Choir	""					
165	Pasigin.pdf	Pasigin	Eudenice Palaruan	Choir	""					
167	Pictures at an Exibition.pdf	Pictures at an Exhibition	Modeste Moussorgsky	Piano	""					
48	Chopin Prelude Op. 28, No. 22.pdf	Prelude Op. 28, No. 22	Frédéric Chopin	Piano	""					
168	Prelude c#.pdf	Prelude c#, Op 3, No. 2	Sergei Rachmaninoff	Piano	""					
49	Chopin Preludes.pdf	Preludes Op. 28	Frédéric Chopin	Piano	""					
169	Preludes.pdf	Preludes Op. 28	Frédéric Chopin	Piano	""					
170	Préludes Book 1.pdf	Préludes Book 1	Claude Debussy	Piano	""					
60	Debussy Préludes Book 1.pdf	Préludes Book 1	Claude Debussy	Piano	""					
171	Psalm 90.pdf	Psalm 90	William V. Malpede	Choir	""					
174	sc03.pdf	Quartet No. 3 in G Major, K. 156	Wolfgang Amadeus Mozart	String Quartet	""					
173	Rhapsody In Blue 3.pdf	Rhapsody In Blue	George Gershwin	Piano	""					
175	Shalom.pdf	Shalom	Dan Forrest	Choir	""					
176	She Walks in Beauty.pdf	She Walks in Beauty	Z. Randall Stroope	Choir	""					
177	Silent Night.pdf	Silent Night	Franz Gruber	Choir	""					
178	Silver Bells arr Huff SATB.pdf	Silver Bells	Jay Livingston, Ray Evans	Choir	""					
179	Simple Gifts.pdf	Simple Gifts	Aaron Copland	Voice	""					
181	Sing Gently (Virtual Choir 6).pdf	Sing Gently (VC6)	Eric Whitacre	Choir	""					
180	Sing Gently (release version).pdf	Sing Gently (release)	Eric Whitacre	Choir	""					
182	Sing Me to Heaven.pdf	Sing Me to Heaven	Daniel E. Gawthrop	Choir	""					
183	sleep.pdf	Sleep	Eric Whitacre	Choir	""					
184	Sleigh Ride.pdf	Sleigh Ride	Mitchell Parish, Leroy Anderson	Choir	""					
166	Pathetique.pdf	Sonata Op. 13, Pathetique, Mvnt. 2	Ludwig van Beethoven	Piano	""					
142	Moonlight.pdf	Sonata Op. 27 No. 2 - Moonlight	Ludwig van Beethoven	Piano	""					
185	Song for Athene.pdf	Song For Athene	John Tavener	Choir	""					
186	Sound Over All Waters.pdf	Sound Over All Waters	William V. Malpede	Choir	""					
187	Spring Rain.pdf	Spring Rain	Ēriks Ešenvalds	Choir	""					
188	Stars.pdf	Stars	Ēriks Ešenvalds	Choir	""					
189	Still, Still, Still.pdf	Still, Still, Still	Marilyn Keith, Alan Bergman, Norman Luboff	Choir	""					
190	Sudden Light.pdf	Sudden Light	Thomas Juneau	Choir	""					
191	Swept Away.pdf	Swept Away	Sarah Quartel	Choir	""					
25	Beethoven Symphony #3 (Eroica) - I.pdf	Symphony No. 3 in E-flat - Eroica - Mvt 1	Ludwig van Beethoven	Orchestra	""					
26	Beethoven Symphony #3 (Eroica) - II.pdf	Symphony No. 3 in E-flat - Eroica - Mvt 2	Ludwig van Beethoven	Orchestra	""					
27	Beethoven Symphony #3 (Eroica) - III.pdf	Symphony No. 3 in E-flat - Eroica - Mvt 3	Ludwig van Beethoven	Orchestra	""					
28	Beethoven Symphony #3 (Eroica) - IV.pdf	Symphony No. 3 in E-flat - Eroica - Mvt 4	Ludwig van Beethoven	Orchestra	""					
50	Ciaikovskij_-_64_-_Symphony_n.5_e_fs.pdf	Symphony No. 5	Pyotr Ilyich Tchaikovsky	Orchestra	""					
192	Symphony No 9, 4th Mvnt.pdf	Symphony No. 9 in D Minor, Op. 125, Mvt. 4, Presto	Ludwig van Beethoven	Orchestra, Choir, Voice	""					
193	The Awakening.pdf	The Awakening	Joseph M. Martin	Choir	""					
194	The Boatman's Dance.pdf	The Boatman's Dance	Aaron Copland	Voice	""					
195	The Dodger.pdf	The Dodger	Aaron Copland	Voice	""					
83	First Nowell.pdf	The First Nowell	Ola Gjeilo	Choir	""					
196	The First Nowell.pdf	The First Nowell	Ola Gjeilo arr.	Choir	""					
197	The Golden Willow Tree.pdf	The Golden Willow Tree	Aaron Copland	Voice	""					
94	Guitar Classics.pdf	The Library Of Guitar Classics	Jerry Willard arr.	Classic, Guitar	""					
198	The Lion Sleeps Tonight - Sharon.pdf	The Lion Sleeps Tonight	trad.	Choir	""					
199	The Little Horses.pdf	The Little Horses	Aaron Copland	Voice	""					
200	The Most Wonderful Time of the Year SATB Shaw.pdf	The Most Wonderful Time Of The Year	Eddie Pola, George Wyle	Choir	""					
147	Music Makers.pdf	The Music Makers, Op. 69	Edward Elgar	Choir	""					
201	The Music Makers, Op. 69.pdf	The Music Makers, Op. 69	Edward Elgar	Choir	""					
202	The Music of Stillness.pdf	The Music of Stillness	Elaine Hagenberg	Choir	""					
203	The Rose.pdf	The Rose	Ola Gjeilo	Choir	""					
204	The Runner.pdf	The Runner	Joshua Rist	Choir	""					
205	The Seal Lullaby.pdf	The Seal Lullaby	Eric Whitacre	Choir	""					
206	The World For Christmas.pdf	The World For Christmas	Anders Edenroth	Choir	""					
228	World For Christmas.pdf	The World For Christmas	Anders Edenroth	Choir	""					
207	This is who we are - Burrows.pdf	This Is Who We Are	Mark Burrows	Choir	""					
208	Twinkle, Twinkle, Little Star.pdf	Twinkle, Twinkle, Little Star	Daniel Elder arr.	Choir	""					
209	Ubi Caritas Forrest.pdf	Ubi Caritas	Dan Forrest	Choir	""					
210	Ubi caritas.pdf	Ubi caritas	Maurice Duruflé	Choir	""					
211	Unclouded Day.pdf	Unclouded Day	Rev. J.K. Alwood	Choir	""					
213	Veterum Oratio.pdf	Veterum Oratio	Jesse Beulke	Choir	""					
214	Vita de la Mia Vita.pdf	Vita de la Mia Vita	William Hawley	Choir	""					
162	Op. 39, № 15 – Waltz.pdf	Waltz, Op. 39, № 15	Johannes Brahms	Piano	""					
215	Wanting Memories.pdf	Wanting Memories	Ysaye M. Barnwell	Choir	""					
216	We Rise Again.pdf	We Rise Again	Leon Dubinsky	Choir	""					
217	We Shall Overcome.pdf	We Shall Overcome	Robert T. Gibson arr.	Choir	""					
218	We Will Be the Light.pdf	We Will Be the Light	Victor C. Johnson	Choir	""					
219	West Side Story - medley.pdf	West Side Story	Leonard Bernstein	Choir	""					
220	West Side Story.pdf	West Side Story medley	Leonard Bernstein, Stephen Sondheim	Choir	""					
221	When All Falls Silent.pdf	When All Falls Silent	Brent Wells	Choir	""					
222	When You Believe - Schwartz SATB (from Prince of Egypt).pdf	When You Believe	Stephen Schwartz	Choir	""					
223	While Shepherds Watched Their Flocks.pdf	While Shepherds Watched Their Flocks	Craig Courtney	Choir	""					
225	White Christmas SATB.pdf	White Christmas	Irving Berlin	Choir	""					
226	Winter Wonderland of Snow.pdf	Winter Wonderland of Snow	Mark Hayes arr.	Choir	""					
227	Wonderful Christmastime.pdf	Wonderful Christmastime	Paul McCartney	Choir	""					
229	You Are So Beautiful.pdf	You Are So Beautiful	Bruce Fisher, Billy Preston	Voice	""					
230	You Are The Music.pdf	You Are The Music	Dan Forrest	Choir	""					
231	You Are The New Day.pdf	You Are The New Day	John David, Peter Knight arr.	Choir	""					
233	YouAretheNewDay.pdf	You Are The New Day	John David, Peter Knight arr.	Choir	""					
232	You Do Not Walk Alone.pdf	You Do Not Walk Alone	Elaine Hagenberg	Choir	""					
234	Zigeunerleben - Schumann SATB.pdf	Zigeunerleben	Robert Schumann	Choir	""					
235	Zion's Walls.pdf	Zion's Walls	Aaron Copland	Voice	""					
14	Armenian song.pdf	Ամէն հայի սրտից բխած (Amen hayi sertic)	trad.	Choir	""					
